Songs	Artists	Albums

'Alive'.	Phil Lober	Music

'Believe'.	Halo	Halo

(OFFICIAL) Smile - RWBY Volume 5 Official Soundtrack.		

01 - Sunny side up.		

01 And She Came To Me.		

01 avant title.		

01. それでも、戦う - [Hataraku Saibou OST] (Disc 2).		

01. はたらく細胞 Main Theme - [Hataraku Saibou OST] (Disc 1).		

01. イジュライダー.		

02 Calm And Quiet Days.		

02 you have to choose your future.		

02. HOT LIMIT.		

02. 立ち向かう勇気 - [Hataraku Saibou OST] (Disc 2).		

02. 運んで、運んで - [Hataraku Saibou OST] (Disc 1).		

03. タイミングTiming.		

03. 悲しみの在処 - [Hataraku Saibou OST] (Disc 2).		

03. 迷子でも一生懸命 - [Hataraku Saibou OST] (Disc 1).		

